{"cameraMode":{"drawMode":0,"name":"Shaded","section":"Shading Mode"},"sceneLighting":false,"audioPlay":false,"sceneViewState":{"m_AlwaysRefresh":false,"showFog":true,"showSkybox":false,"showFlares":true,"showImageEffects":true,"showParticleSystems":true,"showVisualEffectGraphs":true,"m_FxEnabled":true},"in2DMode":false,"pivot":{"x":-71.12999725341797,"y":19.530000686645509,"z":-127.02999877929688},"rotation":{"x":-0.009171771816909314,"y":0.8278586268424988,"z":0.01334678940474987,"w":0.5613895654678345},"size":1.9988768100738526,"orthographic":false}