{"cameraMode":{"drawMode":0,"name":"Shaded","section":"Shading Mode"},"sceneLighting":false,"audioPlay":false,"sceneViewState":{"m_AlwaysRefresh":false,"showFog":true,"showSkybox":true,"showFlares":true,"showImageEffects":true,"showParticleSystems":true,"showVisualEffectGraphs":true,"m_FxEnabled":true},"in2DMode":false,"pivot":{"x":153.47398376464845,"y":454.304443359375,"z":59.364463806152347},"rotation":{"x":-0.10812361538410187,"y":0.008684315718710423,"z":-0.0006407112814486027,"w":-0.9943486452102661},"size":101.28916931152344,"orthographic":false}