{"cameraMode":{"drawMode":0,"name":"Shaded","section":"Shading Mode"},"sceneLighting":false,"audioPlay":false,"sceneViewState":{"m_AlwaysRefresh":false,"showFog":true,"showSkybox":false,"showFlares":true,"showImageEffects":true,"showParticleSystems":true,"showVisualEffectGraphs":true,"m_FxEnabled":true},"in2DMode":false,"pivot":{"x":6.935808181762695,"y":1.679117202758789,"z":1.0145902633666993},"rotation":{"x":-0.1635255366563797,"y":0.03129046410322189,"z":-0.005074441898614168,"w":-0.9862337708473206},"size":13.022601127624512,"orthographic":false}