{"cameraMode":{"drawMode":0,"name":"Shaded","section":"Shading Mode"},"sceneLighting":false,"audioPlay":false,"sceneViewState":{"m_AlwaysRefresh":false,"showFog":true,"showSkybox":false,"showFlares":true,"showImageEffects":true,"showParticleSystems":true,"showVisualEffectGraphs":true,"m_FxEnabled":true},"in2DMode":false,"pivot":{"x":123.38304901123047,"y":458.31927490234377,"z":112.60029602050781},"rotation":{"x":-0.07524064928293228,"y":-0.027416571974754335,"z":0.002153887180611491,"w":-0.9971991181373596},"size":133.80467224121095,"orthographic":false}